"filename", "language", "Markdown", "JSON", "HTML", "JavaScript", "Vue", "Less", "comment", "blank", "total"
"c:\project\hueyond.run-vue\README.md", "Markdown", 0, 0, 0, 0, 0, 0, 0, 1, 1
"c:\project\hueyond.run-vue\index.html", "HTML", 0, 0, 14, 0, 0, 0, 6, 3, 23
"c:\project\hueyond.run-vue\package-lock.json", "JSON", 0, 1783, 0, 0, 0, 0, 0, 1, 1784
"c:\project\hueyond.run-vue\package.json", "JSON", 0, 22, 0, 0, 0, 0, 0, 1, 23
"c:\project\hueyond.run-vue\src\App.vue", "Vue", 0, 0, 0, 0, 39, 0, 0, 5, 44
"c:\project\hueyond.run-vue\src\assets\files\code\Buffer-to-String.md", "Markdown", 16, 0, 0, 0, 0, 0, 0, 2, 18
"c:\project\hueyond.run-vue\src\assets\files\code\mutate.md", "Markdown", 23, 0, 0, 0, 0, 0, 0, 3, 26
"c:\project\hueyond.run-vue\src\assets\files\code\react里的KeepAlive.md", "Markdown", 6, 0, 0, 0, 0, 0, 0, 2, 8
"c:\project\hueyond.run-vue\src\assets\files\code\shallow-copy-trap.md", "Markdown", 23, 0, 0, 0, 0, 0, 0, 7, 30
"c:\project\hueyond.run-vue\src\assets\files\code\the-third-kind-variable.md", "Markdown", 15, 0, 0, 0, 0, 0, 0, 0, 15
"c:\project\hueyond.run-vue\src\assets\files\code\undefined-and-null.md", "Markdown", 16, 0, 0, 0, 0, 0, 0, 5, 21
"c:\project\hueyond.run-vue\src\assets\files\code\useMemo和memo.md", "Markdown", 5, 0, 0, 0, 0, 0, 0, 0, 5
"c:\project\hueyond.run-vue\src\assets\files\code\vue-react-syntax-comparison.md", "Markdown", 98, 0, 0, 0, 0, 0, 0, 33, 131
"c:\project\hueyond.run-vue\src\assets\files\code\zen-of-python.md", "Markdown", 20, 0, 0, 0, 0, 0, 0, 1, 21
"c:\project\hueyond.run-vue\src\assets\files\code\其实一个props就够了.md", "Markdown", 16, 0, 0, 0, 0, 0, 0, 5, 21
"c:\project\hueyond.run-vue\src\assets\files\english\no-security.md", "Markdown", 3, 0, 0, 0, 0, 0, 0, 3, 6
"c:\project\hueyond.run-vue\src\assets\projects.json", "JSON", 0, 59, 0, 0, 0, 0, 0, 0, 59
"c:\project\hueyond.run-vue\src\components\Calendar.vue", "Vue", 0, 0, 0, 0, 87, 0, 0, 6, 93
"c:\project\hueyond.run-vue\src\components\CalendarDatePicker.vue", "Vue", 0, 0, 0, 0, 104, 0, 0, 9, 113
"c:\project\hueyond.run-vue\src\components\CalendarTimeScroller.vue", "Vue", 0, 0, 0, 0, 57, 0, 0, 3, 60
"c:\project\hueyond.run-vue\src\components\FileList.vue", "Vue", 0, 0, 0, 0, 48, 0, 0, 3, 51
"c:\project\hueyond.run-vue\src\components\FileViewer.vue", "Vue", 0, 0, 0, 0, 127, 0, 0, 14, 141
"c:\project\hueyond.run-vue\src\components\FoldButton.vue", "Vue", 0, 0, 0, 0, 23, 0, 0, 3, 26
"c:\project\hueyond.run-vue\src\components\GameBoard.vue", "Vue", 0, 0, 0, 0, 51, 0, 0, 3, 54
"c:\project\hueyond.run-vue\src\components\GamePanel.vue", "Vue", 0, 0, 0, 0, 67, 0, 0, 2, 69
"c:\project\hueyond.run-vue\src\components\Message.vue", "Vue", 0, 0, 0, 0, 69, 0, 0, 4, 73
"c:\project\hueyond.run-vue\src\components\NavTab.vue", "Vue", 0, 0, 0, 0, 29, 0, 0, 4, 33
"c:\project\hueyond.run-vue\src\components\Null.vue", "Vue", 0, 0, 0, 0, 5, 0, 0, 0, 5
"c:\project\hueyond.run-vue\src\components\NumberScroller.vue", "Vue", 0, 0, 0, 0, 78, 0, 0, 12, 90
"c:\project\hueyond.run-vue\src\components\PersonalStatement.vue", "Vue", 0, 0, 0, 0, 8, 0, 0, 2, 10
"c:\project\hueyond.run-vue\src\components\ProjectList.vue", "Vue", 0, 0, 0, 0, 87, 0, 0, 14, 101
"c:\project\hueyond.run-vue\src\components\Resume.vue", "Vue", 0, 0, 0, 0, 31, 0, 0, 4, 35
"c:\project\hueyond.run-vue\src\components\SideMenu.vue", "Vue", 0, 0, 0, 0, 57, 0, 0, 8, 65
"c:\project\hueyond.run-vue\src\components\TodoMain.vue", "Vue", 0, 0, 0, 0, 77, 0, 0, 4, 81
"c:\project\hueyond.run-vue\src\components\TodoMenu.vue", "Vue", 0, 0, 0, 0, 56, 0, 0, 3, 59
"c:\project\hueyond.run-vue\src\composables\useState.js", "JavaScript", 0, 0, 0, 16, 0, 0, 0, 3, 19
"c:\project\hueyond.run-vue\src\main.js", "JavaScript", 0, 0, 0, 49, 0, 0, 0, 6, 55
"c:\project\hueyond.run-vue\src\plugins\calendar\index.js", "JavaScript", 0, 0, 0, 13, 0, 0, 0, 2, 15
"c:\project\hueyond.run-vue\src\plugins\message\index.js", "JavaScript", 0, 0, 0, 75, 0, 0, 0, 9, 84
"c:\project\hueyond.run-vue\src\router\index.js", "JavaScript", 0, 0, 0, 69, 0, 0, 0, 3, 72
"c:\project\hueyond.run-vue\src\store\axios.js", "JavaScript", 0, 0, 0, 7, 0, 0, 0, 1, 8
"c:\project\hueyond.run-vue\src\store\blog.js", "JavaScript", 0, 0, 0, 63, 0, 0, 0, 8, 71
"c:\project\hueyond.run-vue\src\style.less", "Less", 0, 0, 0, 0, 0, 75, 13, 16, 104
"c:\project\hueyond.run-vue\src\utils\calendar\Calendar.js", "JavaScript", 0, 0, 0, 108, 0, 0, 9, 21, 138
"c:\project\hueyond.run-vue\src\utils\game\Ai.js", "JavaScript", 0, 0, 0, 166, 0, 0, 30, 21, 217
"c:\project\hueyond.run-vue\src\utils\game\Game.js", "JavaScript", 0, 0, 0, 203, 0, 0, 0, 32, 235
"c:\project\hueyond.run-vue\src\utils\time\index.js", "JavaScript", 0, 0, 0, 30, 0, 0, 0, 3, 33
"c:\project\hueyond.run-vue\src\views\About.vue", "Vue", 0, 0, 0, 0, 40, 0, 0, 4, 44
"c:\project\hueyond.run-vue\src\views\Blog.vue", "Vue", 0, 0, 0, 0, 84, 0, 0, 10, 94
"c:\project\hueyond.run-vue\src\views\Game.vue", "Vue", 0, 0, 0, 0, 83, 0, 0, 14, 97
"c:\project\hueyond.run-vue\src\views\Home.vue", "Vue", 0, 0, 0, 0, 5, 0, 0, 0, 5
"c:\project\hueyond.run-vue\src\views\Sider.vue", "Vue", 0, 0, 0, 0, 47, 0, 0, 2, 49
"c:\project\hueyond.run-vue\src\views\Todo.vue", "Vue", 0, 0, 0, 0, 32, 0, 0, 1, 33
"c:\project\hueyond.run-vue\vite.config.js", "JavaScript", 0, 0, 0, 8, 0, 0, 1, 2, 11
"Total", "-", 241, 1864, 14, 807, 1391, 75, 59, 328, 4779